event_code,weak_label,rule
EVT-20260925-AB743940,PERSISTENT_THERMAL_SOURCE,ind_lowconf
EVT-20260925-8D1D9A79,PERSISTENT_THERMAL_SOURCE,ind_lowconf
EVT-20260922-569D9F3C,PERSISTENT_THERMAL_SOURCE,ind_lowconf
EVT-20260925-A7BBBB65,PERSISTENT_THERMAL_SOURCE,ind_many_dets
EVT-20260925-36B53EEA,LIKELY_AG_BURNING,ag_brief
EVT-20260926-0F309706,LIKELY_WILDFIRE,veg_multiday
EVT-20260922-EEB7DB64,PERSISTENT_THERMAL_SOURCE,ind_lowconf
EVT-20260924-3E712B08,PERSISTENT_THERMAL_SOURCE,ind_lowconf
EVT-20260921-E63F891E,PERSISTENT_THERMAL_SOURCE,ind_lowconf
EVT-20260923-675F68BA,ROUTINE_FLARE,flare_hot_decile
EVT-20260924-93B9DDC2,PERSISTENT_THERMAL_SOURCE,ind_lowconf
EVT-20260921-F5CBA521,ROUTINE_FLARE,flare_hot_decile
EVT-20260923-4A2F59A8,PERSISTENT_THERMAL_SOURCE,ind_persistent
EVT-20260924-C9CF12C2,PERSISTENT_THERMAL_SOURCE,ind_many_dets
EVT-20260925-159AA0B2,PERSISTENT_THERMAL_SOURCE,ind_lowconf
EVT-20260925-4BE53ED1,PERSISTENT_THERMAL_SOURCE,ind_lowconf
EVT-20260926-A62A1508,PERSISTENT_THERMAL_SOURCE,ind_lowconf
EVT-20260921-554F264B,PERSISTENT_THERMAL_SOURCE,ind_lowconf
EVT-20260921-61AB0ABF,PERSISTENT_THERMAL_SOURCE,ind_lowconf
EVT-20260926-1652259D,CANDIDATE_INDUSTRIAL_FIRE,ind_new_hot
EVT-20260922-EE3F9060,LIKELY_AG_BURNING,ag_day_brief
EVT-20260925-7CED4A4B,LIKELY_AG_BURNING,ag_brief
EVT-20260923-3BF36A16,LIKELY_AG_BURNING,ag_day_brief
EVT-20260922-9A1EB596,LIKELY_AG_BURNING,ag_day_brief
EVT-20260926-1CF8EC1E,LIKELY_AG_BURNING,ag_day_brief
EVT-20260922-BABF8470,LIKELY_AG_BURNING,ag_day_brief
EVT-20260923-3A71F454,LIKELY_AG_BURNING,ag_day_brief
EVT-20260922-7A3CCDAE,LIKELY_AG_BURNING,ag_day_brief
EVT-20260922-DB5E2938,LIKELY_AG_BURNING,ag_day_brief
EVT-20260922-77AFEC12,LIKELY_AG_BURNING,ag_day_brief
EVT-20260925-F5221B94,LIKELY_AG_BURNING,ag_day_brief
EVT-20260923-EA601570,PERSISTENT_THERMAL_SOURCE,ind_lowconf
EVT-20260922-136AF7A4,CANDIDATE_INDUSTRIAL_FIRE,ind_new_hot
EVT-20260923-9F817DDD,CANDIDATE_INDUSTRIAL_FIRE,ind_new_hot
EVT-20260922-E46FDC85,CANDIDATE_INDUSTRIAL_FIRE,ind_new_hot
EVT-20260922-E912A711,PERSISTENT_THERMAL_SOURCE,ind_lowconf
EVT-20260923-6F8BDFA9,CANDIDATE_INDUSTRIAL_FIRE,ind_new_hot
EVT-20260923-C907BD2E,PERSISTENT_THERMAL_SOURCE,ind_lowconf
EVT-20260924-C6F3D92A,LIKELY_WILDFIRE,veg_intense
EVT-20260922-168B60A8,PERSISTENT_THERMAL_SOURCE,ind_lowconf
EVT-20260925-BD8FB593,CANDIDATE_INDUSTRIAL_FIRE,ind_new_hot
EVT-20260922-7F4F02D8,PERSISTENT_THERMAL_SOURCE,ind_lowconf
EVT-20260924-317E823C,CANDIDATE_INDUSTRIAL_FIRE,ind_new_hot
EVT-20260925-D0ADB74E,PERSISTENT_THERMAL_SOURCE,ind_lowconf
EVT-20260923-50206419,PERSISTENT_THERMAL_SOURCE,ind_lowconf
EVT-20260925-5230C1A4,PERSISTENT_THERMAL_SOURCE,ind_lowconf
EVT-20260925-CFB5F4B0,PERSISTENT_THERMAL_SOURCE,ind_lowconf
EVT-20260925-D51330C2,PERSISTENT_THERMAL_SOURCE,ind_lowconf
EVT-20260925-690E973D,PERSISTENT_THERMAL_SOURCE,ind_lowconf
EVT-20260925-BB278BCF,PERSISTENT_THERMAL_SOURCE,ind_lowconf
EVT-20260925-78A2FB8C,PERSISTENT_THERMAL_SOURCE,ind_lowconf
EVT-20260922-2A7301DB,PERSISTENT_THERMAL_SOURCE,ind_lowconf
EVT-20260925-86212213,PERSISTENT_THERMAL_SOURCE,ind_lowconf
EVT-20260924-29F6CEA4,PERSISTENT_THERMAL_SOURCE,ind_lowconf
EVT-20260925-752F3DE5,PERSISTENT_THERMAL_SOURCE,ind_lowconf
EVT-20260925-DCD3F99A,PERSISTENT_THERMAL_SOURCE,ind_lowconf
EVT-20260922-B5806471,PERSISTENT_THERMAL_SOURCE,ind_lowconf
EVT-20260925-4A57C2EE,PERSISTENT_THERMAL_SOURCE,ind_lowconf
EVT-20260921-D19A4F9B,PERSISTENT_THERMAL_SOURCE,ind_persistent
EVT-20260924-848B217E,PERSISTENT_THERMAL_SOURCE,ind_many_dets
EVT-20260926-7FEF90A4,LIKELY_AG_BURNING,ag_day_brief
EVT-20260923-689C1694,LIKELY_AG_BURNING,ag_day_brief
EVT-20260922-CFB62AA6,LIKELY_AG_BURNING,ag_day_brief
EVT-20260923-A4814AB3,LIKELY_AG_BURNING,ag_day_brief
EVT-20260923-49AFD16E,LIKELY_AG_BURNING,ag_day_brief
EVT-20260926-E0C7FDD5,LIKELY_WILDFIRE,veg_multiday
EVT-20260923-AB84C11A,PERSISTENT_THERMAL_SOURCE,ind_lowconf
EVT-20260922-4BD093B8,PERSISTENT_THERMAL_SOURCE,ind_lowconf
EVT-20260922-EF5C0FD7,CANDIDATE_INDUSTRIAL_FIRE,ind_new_hot
EVT-20260922-F7E2262C,LIKELY_AG_BURNING,ag_day_brief
EVT-20260926-ABCA183C,LIKELY_WILDFIRE,veg_intense
EVT-20260926-404066F9,LIKELY_AG_BURNING,ag_day_brief
EVT-20260926-092F0CA4,LIKELY_AG_BURNING,ag_day_brief
EVT-20260926-37E0DF59,LIKELY_AG_BURNING,ag_day_brief
EVT-20260926-901DE55E,LIKELY_AG_BURNING,ag_day_brief
EVT-20260922-B1D4089F,LIKELY_AG_BURNING,ag_day_brief
EVT-20260926-FA920C6E,LIKELY_AG_BURNING,ag_day_brief
EVT-20260926-F2FF5DAB,LIKELY_AG_BURNING,ag_day_brief
EVT-20260926-D8DE3CC2,LIKELY_AG_BURNING,ag_day_brief
EVT-20260926-61D4FDEB,LIKELY_AG_BURNING,ag_day_brief
EVT-20260926-A56659A7,LIKELY_AG_BURNING,ag_day_brief
EVT-20260926-536FE41D,LIKELY_WILDFIRE,veg_intense
EVT-20260926-038E6BD2,LIKELY_AG_BURNING,ag_day_brief
EVT-20260925-059076D5,LIKELY_AG_BURNING,ag_day_brief
EVT-20260926-5D697C0F,LIKELY_AG_BURNING,ag_day_brief
EVT-20260926-A0603905,LIKELY_AG_BURNING,ag_day_brief
EVT-20260926-00A72BDD,LIKELY_AG_BURNING,ag_day_brief
EVT-20260926-BEE21931,LIKELY_AG_BURNING,ag_day_brief
EVT-20260926-3A20D1A1,LIKELY_AG_BURNING,ag_day_brief
EVT-20260926-C53642E5,CANDIDATE_INDUSTRIAL_FIRE,ind_new_hot
EVT-20260926-09F760BE,LIKELY_AG_BURNING,ag_day_brief
EVT-20260926-9F652CC3,LIKELY_AG_BURNING,ag_day_brief
EVT-20260926-9B1F47D3,LIKELY_AG_BURNING,ag_day_brief
EVT-20260926-265DF314,LIKELY_AG_BURNING,ag_day_brief
EVT-20260926-87310C0B,LIKELY_AG_BURNING,ag_day_brief
EVT-20260926-D473BEAD,LIKELY_AG_BURNING,ag_day_brief
EVT-20260926-80C19B3C,PERSISTENT_THERMAL_SOURCE,ind_lowconf
EVT-20260923-A95A2C0D,PERSISTENT_THERMAL_SOURCE,ind_lowconf
EVT-20260926-C7B240DE,LIKELY_AG_BURNING,ag_day_brief
EVT-20260926-342E5C70,PERSISTENT_THERMAL_SOURCE,ind_lowconf
EVT-20260926-2AB82A97,CANDIDATE_INDUSTRIAL_FIRE,ind_new_hot
EVT-20260926-A12F07A3,LIKELY_AG_BURNING,ag_day_brief
EVT-20260926-5FCA8AFE,CANDIDATE_INDUSTRIAL_FIRE,ind_new_hot
EVT-20260926-BCDFBCBD,CANDIDATE_INDUSTRIAL_FIRE,ind_new_hot
EVT-20260926-F4FF0907,CANDIDATE_INDUSTRIAL_FIRE,ind_new_hot
EVT-20260926-6FF94B46,CANDIDATE_INDUSTRIAL_FIRE,ind_new_hot
EVT-20260926-188DFB4C,CANDIDATE_INDUSTRIAL_FIRE,ind_new_hot
EVT-20260925-3BFAA23D,LIKELY_AG_BURNING,ag_brief
EVT-20260926-3B2CF921,LIKELY_AG_BURNING,ag_day_brief
EVT-20260926-2A606D7A,LIKELY_AG_BURNING,ag_day_brief
EVT-20260926-BBF186CB,LIKELY_AG_BURNING,ag_day_brief
EVT-20260926-5040EFE5,CANDIDATE_INDUSTRIAL_FIRE,ind_new_hot
EVT-20260926-E2BD1EFE,LIKELY_AG_BURNING,ag_day_brief
EVT-20260925-4947BDBA,PERSISTENT_THERMAL_SOURCE,ind_lowconf
EVT-20260924-A0C12DA4,PERSISTENT_THERMAL_SOURCE,ind_lowconf
EVT-20260926-CE00B9E1,CANDIDATE_INDUSTRIAL_FIRE,ind_new_hot
EVT-20260925-4C56974E,PERSISTENT_THERMAL_SOURCE,ind_lowconf
EVT-20260921-6F7705B4,PERSISTENT_THERMAL_SOURCE,ind_lowconf
EVT-20260925-7F3DD222,PERSISTENT_THERMAL_SOURCE,ind_lowconf
EVT-20260925-CC125621,PERSISTENT_THERMAL_SOURCE,ind_lowconf
EVT-20260924-C9D1ECAB,PERSISTENT_THERMAL_SOURCE,ind_lowconf
EVT-20260924-E8C5AE8E,CANDIDATE_INDUSTRIAL_FIRE,ind_new_hot
EVT-20260923-AAD1340F,LIKELY_AG_BURNING,ag_day_brief
EVT-20260925-137E793C,PERSISTENT_THERMAL_SOURCE,ind_lowconf
EVT-20260925-21459AAA,CANDIDATE_INDUSTRIAL_FIRE,ind_new_hot
EVT-20260924-11C1D124,CANDIDATE_INDUSTRIAL_FIRE,ind_new_hot
EVT-20260925-64113C46,CANDIDATE_INDUSTRIAL_FIRE,ind_new_hot
EVT-20260925-9936FF83,LIKELY_WILDFIRE,veg_intense
EVT-20260925-0D82496D,CANDIDATE_INDUSTRIAL_FIRE,ind_new_hot
EVT-20260924-CBEB21E6,CANDIDATE_INDUSTRIAL_FIRE,ind_new_hot
EVT-20260925-DE74D506,LIKELY_AG_BURNING,ag_day_brief
EVT-20260925-95FE63F7,CANDIDATE_INDUSTRIAL_FIRE,ind_new_hot
EVT-20260925-237B93CD,CANDIDATE_INDUSTRIAL_FIRE,ind_new_hot
EVT-20260925-30833AC7,LIKELY_AG_BURNING,ag_day_brief
EVT-20260923-309B4ADA,LIKELY_AG_BURNING,ag_day_brief
EVT-20260923-CB97557F,CANDIDATE_INDUSTRIAL_FIRE,ind_new_hot
EVT-20260923-F22B5F96,LIKELY_AG_BURNING,ag_day_brief
EVT-20260922-FEBA7913,LIKELY_AG_BURNING,ag_day_brief
EVT-20260923-D88A81C8,PERSISTENT_THERMAL_SOURCE,ind_lowconf
EVT-20260921-00697E14,PERSISTENT_THERMAL_SOURCE,ind_lowconf
EVT-20260922-81DA6081,PERSISTENT_THERMAL_SOURCE,ind_lowconf
EVT-20260924-356B9B1E,LIKELY_WILDFIRE,veg_intense
EVT-20260924-82DBD921,CANDIDATE_INDUSTRIAL_FIRE,ind_new_hot
EVT-20260924-F2484548,LIKELY_AG_BURNING,ag_brief
EVT-20260923-042250C3,LIKELY_AG_BURNING,ag_day_brief
EVT-20260923-9803472F,LIKELY_AG_BURNING,ag_day_brief
EVT-20260923-79284B8A,LIKELY_AG_BURNING,ag_day_brief
EVT-20260922-F4838F23,PERSISTENT_THERMAL_SOURCE,ind_lowconf
EVT-20260922-49087CD6,PERSISTENT_THERMAL_SOURCE,ind_lowconf
EVT-20260922-DBD21ABC,PERSISTENT_THERMAL_SOURCE,ind_lowconf
EVT-20260923-70406C85,LIKELY_AG_BURNING,ag_brief
EVT-20260924-7C93764C,LIKELY_AG_BURNING,ag_day_brief
EVT-20260922-A360E5C8,LIKELY_AG_BURNING,ag_brief
EVT-20260924-85AE95C3,CANDIDATE_INDUSTRIAL_FIRE,ind_new_hot
EVT-20260924-2EAEED82,LIKELY_WILDFIRE,veg_intense
EVT-20260922-AEA93966,CANDIDATE_INDUSTRIAL_FIRE,ind_new_hot
EVT-20260922-9AAD995F,LIKELY_AG_BURNING,ag_day_brief
EVT-20260922-9AAF0984,LIKELY_AG_BURNING,ag_day_brief
EVT-20260922-04E478A5,LIKELY_AG_BURNING,ag_day_brief
EVT-20260922-077252C0,LIKELY_WILDFIRE,veg_intense
EVT-20260922-FF404FB6,LIKELY_AG_BURNING,ag_day_brief
EVT-20260922-6DFB0524,LIKELY_AG_BURNING,ag_day_brief
EVT-20260922-90BBFA75,LIKELY_AG_BURNING,ag_day_brief
EVT-20260922-F3E4D65C,LIKELY_AG_BURNING,ag_day_brief
EVT-20260922-EEB79E3D,CANDIDATE_INDUSTRIAL_FIRE,ind_new_hot
EVT-20260922-85322B89,PERSISTENT_THERMAL_SOURCE,ind_lowconf
EVT-20260924-C5F5549E,PERSISTENT_THERMAL_SOURCE,ind_lowconf
EVT-20260922-0C8A347B,LIKELY_AG_BURNING,ag_day_brief
EVT-20260922-B47287E3,LIKELY_AG_BURNING,ag_day_brief
EVT-20260922-190ED3E8,LIKELY_AG_BURNING,ag_day_brief
EVT-20260922-80AE834B,LIKELY_AG_BURNING,ag_day_brief
EVT-20260922-4BA4DCEB,CANDIDATE_INDUSTRIAL_FIRE,ind_new_hot
EVT-20260922-09307FBC,LIKELY_AG_BURNING,ag_day_brief
EVT-20260922-4B5F70F6,LIKELY_AG_BURNING,ag_day_brief
EVT-20260923-B2C39941,PERSISTENT_THERMAL_SOURCE,ind_lowconf
EVT-20260923-DA1C8785,CANDIDATE_INDUSTRIAL_FIRE,ind_new_hot
EVT-20260923-C870AF37,PERSISTENT_THERMAL_SOURCE,ind_lowconf
